<persons>
<person>
  <personCode>944c</personCode>
  <firstName>Castro</firstName>
  <lastName> Starlin</lastName>
  <phoneNo>142-241-6024</phoneNo>
  <address>
    <street>1060 West Addison Street</street>
    <city>Chicago</city>
    <ZIP>60613</ZIP>
    <country>USA</country>
    <state>IL</state>
  </address>
  <emails>
    <string>scastro@cubs.com</string>
    <string>starlin_castro13@gmail.com</string>
  </emails>
</person>
<person>
  <personCode>306a</personCode>
  <firstName>Sampson</firstName>
  <lastName> Brock</lastName>
  <phoneNo>402-241-6024</phoneNo>
  <address>
    <street>123 N 1st Street</street>
    <city>Omaha</city>
    <ZIP>68116</ZIP>
    <country>USA</country>
    <state>NE</state>
  </address>
  <emails>
    <string>brock_f_sampson@gmail.com</string>
    <string>bsampson@venture.com</string>
  </emails>
</person>
<person>
  <personCode>55bb</personCode>
  <firstName>O&apos;Brien</firstName>
  <lastName> Miles</lastName>
  <phoneNo>402-251-2114</phoneNo>
  <address>
    <street>8753 West 3rd Ave.</street>
    <city>Dallas</city>
    <ZIP>75001</ZIP>
    <country>USA</country>
    <state>TX</state>
  </address>
  <emails>
    <string>obrien@ds9.com</string>
    <string>obrien@enterprise.gov</string>
  </emails>
</person>
<person>
  <personCode>2342</personCode>
  <firstName>O&apos;Brien</firstName>
  <lastName> Miles</lastName>
  <phoneNo>212-241-6024</phoneNo>
  <address>
    <street>123 Friendly Street</street>
    <city>Ottawa</city>
    <ZIP>K1A 0G9</ZIP>
    <country>Canada</country>
    <state>ON</state>
  </address>
  <emails/>
</person>
<person>
  <personCode>aef1</personCode>
  <firstName>Gekko</firstName>
  <lastName> Gordon</lastName>
  <phoneNo>122-141-1032</phoneNo>
  <address>
    <street>1 Wall Street</street>
    <city>New York</city>
    <ZIP>10005-0012</ZIP>
    <country>USA</country>
    <state>NY</state>
  </address>
  <emails/>
</person>
<person>
  <personCode>321f</personCode>
  <firstName>Fox</firstName>
  <lastName> Bud</lastName>
  <phoneNo></phoneNo>
  <address>
    <street>321 Bronx Street</street>
    <city>New York</city>
    <ZIP>10004</ZIP>
    <country>USA</country>
    <state>NY</state>
  </address>
  <emails>
    <string>bfox@gmail.com</string>
    <string>csheen@crazy.net</string>
  </emails>
</person>
<person>
  <personCode>ma12</personCode>
  <firstName>Sveum</firstName>
  <lastName> Dale</lastName>
  <phoneNo>541-354-3210</phoneNo>
  <address>
    <street>1060 West Addison Street</street>
    <city>Chicago</city>
    <ZIP>60613</ZIP>
    <country>USA</country>
    <state>IL</state>
  </address>
  <emails>
    <string>sveum@cubs.com</string>
  </emails>
</person>
<person>
  <personCode>321nd</personCode>
  <firstName>Hartnell</firstName>
  <lastName> William</lastName>
  <phoneNo>323-541-3210</phoneNo>
  <address>
    <street>1060 West Addison Street</street>
    <city>Chicago</city>
    <ZIP>60613</ZIP>
    <country>USA</country>
    <state>IL</state>
  </address>
  <emails>
    <string>whartnell@doctors.com</string>
    <string>dr@who.com</string>
  </emails>
</person>
<person>
  <personCode>nf32a</personCode>
  <firstName>Troughton</firstName>
  <lastName> Patrick</lastName>
  <phoneNo></phoneNo>
  <address>
    <street>1060 West Addison Street</street>
    <city>Chicago</city>
    <ZIP>60613</ZIP>
    <country>USA</country>
    <state>IL</state>
  </address>
  <emails>
    <string>ptroug@cse.unl.edu</string>
    <string>ptrou32@unl.edu</string>
  </emails>
</person>
<person>
  <personCode>321na</personCode>
  <firstName>Pertwee</firstName>
  <lastName> Jon</lastName>
  <phoneNo>323-541-3210</phoneNo>
  <address>
    <street>301 Front St W</street>
    <city> Toronto</city>
    <ZIP> M5V 2T6</ZIP>
    <country> Canada</country>
    <state> ON</state>
  </address>
  <emails>
    <string>jpet@whofan.com</string>
  </emails>
</person>
<person>
  <personCode>231</personCode>
  <firstName>Baker</firstName>
  <lastName>Tom</lastName>
  <phoneNo>210-124-3210</phoneNo>
  <address>
    <street>1 Blue Jays Way</street>
    <city> Toronto</city>
    <ZIP> M5V 1J1</ZIP>
    <country> Canada</country>
    <state> ON</state>
  </address>
  <emails>
    <string>famousdoc@who.com</string>
    <string>tbaker@cse.unl.edu</string>
    <string>mostfamous@whovian.com</string>
    <string>thedoctor@bbc.com</string>
  </emails>
</person>
<person>
  <personCode>6doc</personCode>
  <firstName>Hurndall</firstName>
  <lastName> Richard</lastName>
  <phoneNo>124-366-3210</phoneNo>
  <address>
    <street>Campos El290</street>
    <city>Mexico City</city>
    <ZIP></ZIP>
    <country> Mexico</country>
    <state> FD</state>
  </address>
  <emails>
    <string>rhurndall@cse.unl.edu</string>
    <string>richard@unl.edu</string>
  </emails>
</person>
<person>
  <personCode>321dr</personCode>
  <firstName>Baker</firstName>
  <lastName> C.</lastName>
  <phoneNo>122-141-1032</phoneNo>
  <address>
    <street>Avery Hall</street>
    <city>Lincoln</city>
    <ZIP>68503</ZIP>
    <country>USA</country>
    <state>NE</state>
  </address>
  <emails>
    <string>321-274-3210</string>
  </emails>
</person>
<person>
  <personCode>1svndr</personCode>
  <firstName>McCoy</firstName>
  <lastName>Sylvester</lastName>
  <phoneNo></phoneNo>
  <address>
    <street>126-01 Roosevelt Ave</street>
    <city> Flushing</city>
    <ZIP>11368</ZIP>
    <country>USA</country>
    <state> NY</state>
  </address>
  <emails>
    <string>slyguy@hotmail.com</string>
    <string>mccoy@whofan.com</string>
  </emails>
</person>
<person>
  <personCode>123lst</personCode>
  <firstName>McGann</firstName>
  <lastName> Paul</lastName>
  <phoneNo>102-147-3522</phoneNo>
  <address>
    <street>1 MetLife Stadium Dr</street>
    <city> East Rutherford</city>
    <ZIP>07073</ZIP>
    <country>USA</country>
    <state> NJ</state>
  </address>
  <emails>
    <string>pmcgann@mlb.com</string>
    <string>foo@bar.com</string>
    <string>pmc@unl.edu</string>
  </emails>
</person>
<person>
  <personCode>nwdoc1</personCode>
  <firstName>Eccleston</firstName>
  <lastName> Chris</lastName>
  <phoneNo>210-124-3210</phoneNo>
  <address>
    <street>1 E 161st St</street>
    <city> Bronx</city>
    <ZIP>10451</ZIP>
    <country>USA</country>
    <state> NY</state>
  </address>
  <emails>
    <string>newguy@whovian.com</string>
  </emails>
</person>
<person>
  <personCode>2ndbestd</personCode>
  <firstName>Tennant</firstName>
  <lastName> David</lastName>
  <phoneNo>320-141-3142</phoneNo>
  <address>
    <street>700 E Grand Ave</street>
    <city> Chicago</city>
    <ZIP> 60611</ZIP>
    <country>USA</country>
    <state> IL</state>
  </address>
  <emails>
    <string>actor@shakespeare.com</string>
    <string>tdavid@unl.edu</string>
  </emails>
</person>
<person>
  <personCode>wrddoc</personCode>
  <firstName>Smith</firstName>
  <lastName> Matt</lastName>
  <phoneNo>141-325-1032</phoneNo>
  <address>
    <street>333 W 35th St</street>
    <city> Chicago</city>
    <ZIP>60616</ZIP>
    <country>USA</country>
    <state> IL</state>
  </address>
  <emails>
    <string>msmith@who.com</string>
    <string>thedoc@cse.unl.edu</string>
  </emails>
</person>
<person>
  <personCode>bbchar</personCode>
  <firstName>Ehrmantraut</firstName>
  <lastName> Kaylee</lastName>
  <phoneNo>587-417-1032</phoneNo>
  <address>
    <street>800 West 7th Street</street>
    <city> Albuquerque</city>
    <ZIP> 87105</ZIP>
    <country>USA</country>
    <state> NM</state>
  </address>
  <emails/>
</person>
<person>
  <personCode>doc05</personCode>
  <firstName>Davison</firstName>
  <lastName> Peter</lastName>
  <phoneNo>122-141-1032</phoneNo>
  <address>
    <street>123 Cabo San Lucas</street>
    <city> Los Cabos</city>
    <ZIP> </ZIP>
    <country> Mexico</country>
    <state> BCS</state>
  </address>
  <emails/>
</person>
</persons>
