<products>
  <insurance>
    <productCode>ff23</productCode>
    <salesTax>0.04</salesTax>
    <name>NationalInsurance</name>
    <ageClass>0-20</ageClass>
    <costPerMile>0.07</costPerMile>
  </insurance>
  <standardTicket>
    <productCode>1255</productCode>
    <salesTax>0.04</salesTax>
    <depAirportCode>LAX</depAirportCode>
    <arrAirportCode>ATL</arrAirportCode>
    <depTime>09:30</depTime>
    <arrTime>15:55</arrTime>
    <flightNo>NA2222</flightNo>
    <flightClass>BC</flightClass>
    <aircraftType>Boeing757</aircraftType>
  </standardTicket>
  <checkedBaggage>
    <productCode>90fa</productCode>
    <salesTax>0.04</salesTax>
    <ticketCode>1255</ticketCode>
  </checkedBaggage>
  <standardTicket>
    <productCode>1238</productCode>
    <salesTax>0.04</salesTax>
    <depAirportCode>LNK</depAirportCode>
    <arrAirportCode>ATL</arrAirportCode>
    <depTime>06:00</depTime>
    <arrTime>9:08</arrTime>
    <flightNo>NA4889</flightNo>
    <flightClass>EC</flightClass>
    <aircraftType>CRJ900</aircraftType>
  </standardTicket>
  <specialAssistance>
    <productCode>xer2</productCode>
    <salesTax>0.04</salesTax>
    <type>WheelChair</type>
  </specialAssistance>
  <offSeasonTicket>
    <productCode>1240</productCode>
    <salesTax>0.04</salesTax>
    <depAirportCode>LNK</depAirportCode>
    <arrAirportCode>ATL</arrAirportCode>
    <depTime>06:00</depTime>
    <arrTime>9:08</arrTime>
    <flightNo>NA4889</flightNo>
    <flightClass>EC</flightClass>
    <aircraftType>CRJ900</aircraftType>
    <seasonStartDate>
      <iMillis>1444194000000</iMillis>
      <iChronology class="org.joda.time.chrono.ISOChronology" resolves-to="org.joda.time.chrono.ISOChronology$Stub" serialization="custom">
        <org.joda.time.chrono.ISOChronology_-Stub>
          <org.joda.time.tz.CachedDateTimeZone resolves-to="org.joda.time.DateTimeZone$Stub" serialization="custom">
            <org.joda.time.DateTimeZone_-Stub>
              <string>America/Chicago</string>
            </org.joda.time.DateTimeZone_-Stub>
          </org.joda.time.tz.CachedDateTimeZone>
        </org.joda.time.chrono.ISOChronology_-Stub>
      </iChronology>
    </seasonStartDate>
    <seasonEndDate>
      <iMillis>1454047200000</iMillis>
      <iChronology class="org.joda.time.chrono.ISOChronology" reference="../../seasonStartDate/iChronology"/>
    </seasonEndDate>
    <rebate>0.1</rebate>
  </offSeasonTicket>
  <standardTicket>
    <productCode>1241</productCode>
    <salesTax>0.04</salesTax>
    <depAirportCode>ATL</depAirportCode>
    <arrAirportCode>LNK</arrAirportCode>
    <depTime>21:15</depTime>
    <arrTime>22:42</arrTime>
    <flightNo>NA4871</flightNo>
    <flightClass>EC</flightClass>
    <aircraftType>CRJ900</aircraftType>
  </standardTicket>
  <insurance>
    <productCode>ff25</productCode>
    <salesTax>0.04</salesTax>
    <name>Progressive</name>
    <ageClass>69-102</ageClass>
    <costPerMile>0.1</costPerMile>
  </insurance>
  <offSeasonTicket>
    <productCode>1243</productCode>
    <salesTax>0.04</salesTax>
    <depAirportCode>ATL</depAirportCode>
    <arrAirportCode>LNK</arrAirportCode>
    <depTime>21:15</depTime>
    <arrTime>22:42</arrTime>
    <flightNo>NA4871</flightNo>
    <flightClass>EP</flightClass>
    <aircraftType>CRJ900</aircraftType>
    <seasonStartDate>
      <iMillis>1444194000000</iMillis>
      <iChronology class="org.joda.time.chrono.ISOChronology" reference="../../../offSeasonTicket/seasonStartDate/iChronology"/>
    </seasonStartDate>
    <seasonEndDate>
      <iMillis>1454047200000</iMillis>
      <iChronology class="org.joda.time.chrono.ISOChronology" reference="../../../offSeasonTicket/seasonStartDate/iChronology"/>
    </seasonEndDate>
    <rebate>0.2</rebate>
  </offSeasonTicket>
  <checkedBaggage>
    <productCode>90fb</productCode>
    <salesTax>0.04</salesTax>
    <ticketCode>1241</ticketCode>
  </checkedBaggage>
  <standardTicket>
    <productCode>1256</productCode>
    <salesTax>0.04</salesTax>
    <depAirportCode>LAX</depAirportCode>
    <arrAirportCode>ATL</arrAirportCode>
    <depTime>09:30</depTime>
    <arrTime>15:55</arrTime>
    <flightNo>NA2222</flightNo>
    <flightClass>EP</flightClass>
    <aircraftType>Boeing757</aircraftType>
  </standardTicket>
  <awardTicket>
    <productCode>1257</productCode>
    <salesTax>0.04</salesTax>
    <depAirportCode>LAX</depAirportCode>
    <arrAirportCode>ATL</arrAirportCode>
    <depTime>10:15</depTime>
    <arrTime>18:13</arrTime>
    <flightNo>NA101</flightNo>
    <flightClass>EP</flightClass>
    <aircraftType>Boeing737-900ER</aircraftType>
    <pointsPerMile>90</pointsPerMile>
  </awardTicket>
  <standardTicket>
    <productCode>1258</productCode>
    <salesTax>0.04</salesTax>
    <depAirportCode>ATL</depAirportCode>
    <arrAirportCode>LAX</arrAirportCode>
    <depTime>10:50</depTime>
    <arrTime>12:50</arrTime>
    <flightNo>NA1555</flightNo>
    <flightClass>EC</flightClass>
    <aircraftType>Boeing737-900ER</aircraftType>
  </standardTicket>
  <refreshment>
    <productCode>32f4</productCode>
    <salesTax>0.04</salesTax>
    <name>Italian Buffet</name>
    <cost>18.0</cost>
  </refreshment>
  <awardTicket>
    <productCode>1260</productCode>
    <salesTax>0.04</salesTax>
    <depAirportCode>ORD</depAirportCode>
    <arrAirportCode>PHX</arrAirportCode>
    <depTime>09:09</depTime>
    <arrTime>11:06</arrTime>
    <flightNo>N725</flightNo>
    <flightClass>EP</flightClass>
    <aircraftType>Airbus-A319</aircraftType>
    <pointsPerMile>110</pointsPerMile>
  </awardTicket>
  <specialAssistance>
    <productCode>xer4</productCode>
    <salesTax>0.04</salesTax>
    <type>BabyBassinet</type>
  </specialAssistance>
  <standardTicket>
    <productCode>1261</productCode>
    <salesTax>0.04</salesTax>
    <depAirportCode>ORD</depAirportCode>
    <arrAirportCode>PHX</arrAirportCode>
    <depTime>09:09</depTime>
    <arrTime>11:06</arrTime>
    <flightNo>N725</flightNo>
    <flightClass>BC</flightClass>
    <aircraftType>Airbus-A319</aircraftType>
  </standardTicket>
  <insurance>
    <productCode>ff24</productCode>
    <salesTax>0.04</salesTax>
    <name>Progressive</name>
    <ageClass>55-68</ageClass>
    <costPerMile>0.09</costPerMile>
  </insurance>
  <offSeasonTicket>
    <productCode>1262</productCode>
    <salesTax>0.04</salesTax>
    <depAirportCode>PHX</depAirportCode>
    <arrAirportCode>ORD</arrAirportCode>
    <depTime>14:24</depTime>
    <arrTime>19:56</arrTime>
    <flightNo>N2000</flightNo>
    <flightClass>BC</flightClass>
    <aircraftType>Airbus-A320</aircraftType>
    <seasonStartDate>
      <iMillis>1441083600000</iMillis>
      <iChronology class="org.joda.time.chrono.ISOChronology" reference="../../../offSeasonTicket/seasonStartDate/iChronology"/>
    </seasonStartDate>
    <seasonEndDate>
      <iMillis>1476248400000</iMillis>
      <iChronology class="org.joda.time.chrono.ISOChronology" reference="../../../offSeasonTicket/seasonStartDate/iChronology"/>
    </seasonEndDate>
    <rebate>0.15</rebate>
  </offSeasonTicket>
  <offSeasonTicket>
    <productCode>1263</productCode>
    <salesTax>0.04</salesTax>
    <depAirportCode>PHX</depAirportCode>
    <arrAirportCode>ORD</arrAirportCode>
    <depTime>07:10</depTime>
    <arrTime>12:42</arrTime>
    <flightNo>N488</flightNo>
    <flightClass>EC</flightClass>
    <aircraftType>Airbus-A320</aircraftType>
    <seasonStartDate>
      <iMillis>1442293200000</iMillis>
      <iChronology class="org.joda.time.chrono.ISOChronology" reference="../../../offSeasonTicket/seasonStartDate/iChronology"/>
    </seasonStartDate>
    <seasonEndDate>
      <iMillis>1482991200000</iMillis>
      <iChronology class="org.joda.time.chrono.ISOChronology" reference="../../../offSeasonTicket/seasonStartDate/iChronology"/>
    </seasonEndDate>
    <rebate>0.25</rebate>
  </offSeasonTicket>
  <insurance>
    <productCode>fg23</productCode>
    <salesTax>0.04</salesTax>
    <name>Progressive</name>
    <ageClass>21-54</ageClass>
    <costPerMile>0.08</costPerMile>
  </insurance>
  <insurance>
    <productCode>fh23</productCode>
    <salesTax>0.04</salesTax>
    <name>NationalInsurance</name>
    <ageClass>21-60</ageClass>
    <costPerMile>0.085</costPerMile>
  </insurance>
  <checkedBaggage>
    <productCode>90fc</productCode>
    <salesTax>0.04</salesTax>
    <ticketCode>1260</ticketCode>
  </checkedBaggage>
  <specialAssistance>
    <productCode>xer1</productCode>
    <salesTax>0.04</salesTax>
    <type>PrioritySeating</type>
  </specialAssistance>
  <refreshment>
    <productCode>31f4</productCode>
    <salesTax>0.04</salesTax>
    <name>Labbat-Beer-15oz</name>
    <cost>4.5</cost>
  </refreshment>
</products>